<addon id="script.merlinmaintenance" name="[COLOR aqua]Merlin Maintenance[/COLOR]" version="1.0.2" provider-name="Merlin Project">
  <requires>
	<import addon="xbmc.python" version="2.1.0"/>
  </requires>
  <extension point="xbmc.python.pluginsource" library="default.py">
		<provides>executable</provides>
  </extension>
  <extension point="xbmc.addon.metadata">
	<platform>all</platform>
	<summary>Basic Maintenance Tools</summary>
	<description>Basic Maintenance Tools, Enjoy Freely!</description>
  </extension>
</addon>
