<?xml version="1.0" encoding="UTF-8" standalone="yes"?>
<addon id="plugin.video.democracynownow" name="Democracy Now Now" version="1.0.1" provider-name="Crimson Star Software">
  <requires>
    <import addon="xbmc.python" version="2.1.0"/>
    <import addon="script.module.beautifulsoup4" version="4.3.2"/>
  </requires>
  <extension point="xbmc.python.pluginsource" library="dnownow.py">
    <provides>video</provides>
  </extension>
  <extension point="xbmc.addon.metadata">
    <summary lang="en">Accesses and maintains a local library of daily broadcasts of Democracy Now, for viewing now.</summary>
    <description lang="en">
        View and download specific daily episodes of the national, daily, independent, award-winning news program: Democracy Now!
    </description>
    <disclaimer lang="en"></disclaimer>
    <language>en</language>
    <platform>linux</platform>
    <license>GNU GENERAL PUBLIC LICENSE. Version 3, June 2007</license>
    <forum></forum>
    <website></website>
    <email>brotherjack1877 at gmail dot com</email>
    <source></source>
  </extension>
</addon>
